label,review
0,卷还不错，但粥就太一般了，皮蛋粥感觉就是早就煮好的稀粥里临时加了几块皮蛋。
0,50分钟才送到…粥洒了一半连句抱歉都没有，还推说因为不好找…不好找不会打电话问吗？订半亩园不是第一次了，以前的送餐骑士都很好，这次真心呵呵。
0,越来越难吃，竟然有一大块盐在饭盒里，豆腐脑缺没放盐
0,一般般，速度太慢，太辣
0,饭非常好，物美价廉，包装很精致！送饭的师傅把饭放在垃圾桶上用来吐痰和弹烟灰的沙子里，让人怎么吃？！送餐慢可以理解，毕竟定的晚，而且师傅要送很多家，但是明知道是垃圾桶，而且还是人们吐痰和弹烟灰的地方，还把饭放到里面，你这个送饭的师傅是不是太招人恨了？！
0,才不好吃，居然等了4个小时。无语，还能说啥呢，饿的没力气了，在饿了么上重新定的都到了。
0,打死卖糖的了。写了备注，有用吗？
0,我该怎么评价？？诺大的盒子……只装了半盒……3块钱一份的鹌鹑蛋只有2颗……我忍了……好歹你给我放了！！！问题是我要的豆皮呢？？？我要的苦菊呢？？？里面绿色的菜叶我用一根筷子就能挑起来……3块钱一份的宽粉……只有中指那么长？？太垃圾！！！谁点你们家外卖谁死全家的！！百度优惠完还30块钱呢，这么大的盒子只有半盒不说……去了汤还剩什么？？垃圾垃圾垃圾垃圾垃圾垃圾垃圾垃圾垃圾垃圾……一条宽粉，两颗鹌鹑蛋……黑白各一块百叶……还有一支筷子就能挑起来的菜叶组成了半盒麻辣烫！
0,"来这里吃过多次,这次接电话的服务员态度特别差,中午1点多下的单,订4点的外卖,打电话过去,服务员告诉我在那里吃过了,还一副都是我的错的样子,那态度都让人无语了！"
0,从下单到收到餐，142分钟，送到的粥洒了。。
0,点的果仁菠菜，送过来是木耳，你没有可以提前沟通，说也不说直接扔过来是神么意思？根本就不是正宗山西刀削面，卤蛋、豆腐一点味道没有，炒鸡蛋面就不说了，黏的一塌糊涂。
0,就那么回事吧，两个菜都油乎乎的。每点一个菜还要收餐盒费
0,京酱肉丝咸的不能再咸
0,还可以不用优惠卷太贵了
0,慢的已经无法忍受！菜量也少得可怜！凉面也没有！再也不买了l
0,真心没什么优点可说的。
0,比卷饼差多了
0,特别差，这哪是拌饭，不要买了
0,基本上还好吧
0,点的鱼香肉丝饭和秘制凉皮，根本就不是鱼香肉丝好吗？是萝卜条肉丝，凉皮味道也不好，量还少，总之很不满意，30块钱不值，配送小哥速度很快
0,本来满怀期待的等到1点多，结果不送上来，1点多应该过高峰了啊？下去拿餐，发现只有我的那份，我就呵呵了
0,"大酱汤和辣白菜五花肉饭蒜味真的太重了,吃着快吐了,少放点吧！桔梗特难吃。。"
0,"20套餐,盐酥鸡,变成淀粉炸,蟹段,，没什么提前说一声,没吃饱"
0,差评，差评，没吃过这么恶心的冷面，一口就吃吐了
0,说了半天不要辣，还是放辣椒了
0,主题太硬了吧？腐竹还凑合
0,怎么还没到
0,送餐非常慢，东西又难吃，没有酱
0,量挺多的，味道很不怎么样！
0,量少啦点，
0,太咸了，粥太贵了！
0,外卖的菜品质量实在无法接受
0,差评，退款太慢！我说的是百度！
0,以前很快，不知道这次怎么了，好慢。而且里面没有奥尔良，不知道是没有还是忘记加了，不是很满意。
0,不大好吃……
0,送餐太慢太慢
0,点个套餐给2个可乐，我的豆腐脑呢是在逗我吗
0,送餐速度特别慢，其他的都还不错
0,特别不好吃，而且不新鲜，扔了
0,卷饼味道真的很一般
0,点了一份蒜，没给，口味一般吧
0,真心也忒慢了，其他都还成
0,不好喝，超级不好喝
0,菜很难吃，还很贵。农家小炒肉弄成了芹菜炒肉，菜太难吃了。
0,没有收到餐。。
0,"这个单子,我没拿到餐，钱也扣了，你说怎么办吧。"
0,送的很慢送来的时候凉了
0,他家的事物真的很一般只是方便而已
0,送餐太慢了，致电餐厅，说做完很久没来取，菜品味道一般，量挺大的
0,排骨只有三块！两道菜都好苦！
0,送外卖的人真的太太太慢了，饭店都做好半个小时了，才去取餐，送到后，饺子都已经凉了，而且都粘住了根本没法吃啊！
0,太腻了，里面好多肥肉，吃完都犯恶心。。。
0,送的有点儿慢，不过还是挺好吃的。
0,担担面外卖过来就是一坨
0,田园养生蔬有点不太好吃.
0,"茄子居然没有放盐,我几乎都没吃,做的做来越差,我打开包装茄子到处都是,都从盒子里出来了,怎么吃再加上没有盐"
0,"为什么不给餐具？,洒的到处汤汤水水的"
0,木有给发票；味道一般。
0,才发现立减6元没减到，难道人家送餐人员忘了？
0,"牛肉粥肉有点少,而且盒子到的时候都压扁l"
0,"根本没送来,我很佩服"
0,一品豆腐光给豆腐不给蘸酱，没有筷子！
0,"太难吃,说是20元的,赶不上10元的盒饭好吃,百度给我们出的钱让他赚去了,绝对不会吃第二次的,差评！"
0,"几颗咸菜,呵呵了。"
0,送餐已超过预期送餐时间30分钟，送餐员还提前完成订单，到了还打感情牌，太差劲！汉堡一般。
0,5块钱藕片4片老板说分薄后来决定的，第一次听过
0,菜品没问题的。也很划算。好像少给了一个豆浆。不过算了。送餐太慢。希望以后加快点。
0,送餐很快，只是味道太一般！
0,"肉夹馍是脆皮的,味道还可以,凉皮子一般,油条不错"
0,差评，接单两个多小时没有送餐，打电话也没人接听，更无法取消订单，至今没有给予回复，这是订宵夜的节奏，送来带着锡纸都凉透了，你们都是只上夜班的吗？骗子！！！
0,菜都撒了，米都让菜汤泡了，比预计晚了20分钟，这次特别不满意
0,每次送餐都要等一个小时…而且感觉店商根本不看备注
0,肉夾馍不错，其它一般。
0,"扬州炒饭没第一次点的好吃,好像没放盐,小馒头很干也没给奶油"
0,外卖也太差了吧，这是剩饭吧？去你们实体店里，你们要是给我上这种米饭我直接能不吃了！好歹也是连锁店，就差那么一点钱是吗？就省这么点米，你还能发财！！！搞得我胃口全无！！！超级难吃！！！建议大家不要买他们家，剩米饭，我也是醉了！
0,配送速度有点慢
0,只有肉菜没放酱料，太干。
0,辛苦送餐小哥了！菜量太小了~100多块钱都没有吃饱，鸭血小的都找不到，总之不值~
0,送餐太慢，定的12点15，结果12点40才送到。
0,送货员送错了一份餐，也没有给发票
0,我备注了不要放肉沫，，那肉沫还是放了，放了那么多，
0,烤肠忘给了
0,配送员态度太差，送得慢，按正常速度下楼取还一直催，呵呵了？
0,饭菜送来时还是热的
0,做的太一般
0,我备注要的番茄酱呢！！！！！！！！！
0,快递很赞，食品质量一般
0,挺好的，总吃
0,没有比这再咸了。这饭馆打死卖盐的了？
0,等了一个小时，也不好吃。
0,一杯送来都漏了
0,……不想多说，你懂的
0,毛血旺里火腿差，肥肠颜色偏重，毛肚牙碜，料还是很足的，味道还可以，其他都不错，米饭给的特多，好
0,app订餐都显示制作中了，电话说要收30块钱车费，百度外卖减8块的活动也不参与。不参与就别跟百度外卖合作啊
0,我能说可以退餐吗？这个是饭吗？谁吃谁上当啊！？！质量太差了！！
0,石锅饭还是不好外卖～五花肉是半熟的，吃了一块一会就拉肚子了……还是应该在石锅里焖熟再吃比较好
0,味道一般，还赶上没发票
0,太难吃了。真的。肉都不是肘子
0,没有以前好吃了，只剩干净卫生
0,速度太慢，饿死了快～
0,太慢啦，八点半下的单，说是九点半送到。十点二十才送来。服了
0,今天的米饭坏了，都有味了，老顾客了，希望下次注意吧！菜做的还是不错的！
0,"给送错杯大小,实在不应该！"
0,食物不错，就是服务太差，点了这么多回就这次很不爽，小菜没有盒子包装还收包装费？！说了提供餐具却没有筷子没有勺子！！！送菜的不认识路竟然要我下去接他1我勒个去！！！无奈
0,垃圾。傻逼外卖。11点半点的餐。送了2个小时。打电话询问一直推脱责任，没有任何答复和补偿。
0,板栗烧鸡很难吃，烧牛肉不错
0,太慢。。就街对面还这么慢。
0,送餐速度很快，味道就不多评论了。这个时间还能有口热的吃就不错了
0,一般。感觉跟私人饭馆的一样。锅贴太硬孩子不吃
0,难吃又很慢再也不吃了！
0,餐盒变形，内外全是菜汤子，影响食欲。
0,10:30下的单，12:53送达！两个多小时！！电话还始终拨打不通。强烈投诉！送餐员催我下去拿餐倒是催得很积极，还问我要不要，不要他收回，说还有好多人的都没做出来呢。。这是午饭吗？！。很差的体验，咱也不会点了。
0,垃圾，接单配送慢的要死
0,这次订餐太次了，蛋炒饭一点味没有，疙瘩汤水似的，里面还有绳子，肘子就不说什么了。经常定金手勺，这次太失望了。幸好送餐师傅挺好的。
0,菜品不错！送餐大叔好凶啊！
0,长豆角注明不要辣，还是有辣。其他的还行
0,10点下单，12点还不到，打电话催了5次，说是送丢了，最后下午1点送到的
0,餐品少给了我一个，我上楼后才发现。电话送餐员，送餐员也没检查就一口咬定是商家少给了。让我自己沟通商家。结果商家确认确实给了。至今还没送还。
0,基本不给低评价，这次是真怒了。早8点一过就下单晚到30分钟以上也就罢了，还联系不上，也不打电话说，孩子饿的不停叫唤。最后送来要的传统早餐套配错了，就一杯豆浆和咸菜。油条和豆腐脑不知所踪。也没让再补，因为已经10点了再送来就是中午饭了。真心不愉快。
0,配送没问题，但商家没有给发票，请补一下给我
0,太久了。。。饭都凉了
0,又慢又不好吃。。。谁订坑谁
0,"啊啊啊啊啊啊啊啊啊啊啊啊啊啊啊啊啊,饿死了,才送到,打了15个电话都没人接,这服务也太衰了吧"
0,菜一天不如一天，还不好吃，
0,味道还不错，但是送餐太慢了，等了整整两个小时！
0,说好的套餐里面有可乐，结果没给我，上一次是没给豆腐脑？你们都是怎么配餐的？！
0,我是11:36下单，13点才到，我打电话催了6次，我无话可说了，希望老板能改进！
0,单子打错了，少送了。
0,除了速度慢都挺好
0,实惠，但是厨师技术有待提高
0,"一般,不咋好吃,送的也不快"
0,送餐时间超慢，并且东西也不咋样
0,鸭子实在太肥
0,很慢～等了两个小时～人都快饿死了～还没给送到地方～自己走了一段路取的。以后再也不订了～
0,"太小了,味道一般,说多了都是泪"
0,30块的饭，菜量太少了。就一个肉菜，根本吃不饱。
0,味道一般，不做推荐
0,太慢。菜全洒了。
0,感觉没有一天好吃了，不过还行，凑合凑合一顿午饭呗
0,今天的饭夹生的…给送餐员加工资！
0,以前定过好几次都挺好，今天巨慢不说，菜汤洒的哪里都是，恶心死了
0,卷饼都凉了
0,送餐员服务到位！
0,"做的儿童餐吗？,怎么那么少？,还整个商务套餐,商务套餐都不够我儿子吃的,里面那是半荤三个半素吗？,让我如何表达我现在的心情,一个字,坑"
0,建议两个小时前订餐！
0,没有肉，只有咖喱，汁也很少
0,妈的没货、而且给的超级少、有图片都能骂死他
0,送餐太慢一个小时才到，而且到了都不热乎了，不好吃
0,送餐晚了，迟到好过不到，只能评价一般吧。
0,啥也不说了，送餐速度是一如既往的......
0,说微辣，结果辣死了！
0,"这鱼,筷子一下去,就都碎了"
0,鸡肉还带着皮
0,要等的时间太长了，无人送餐
0,粥是凉的，锡纸卷的太深了，吃的时候不小心会吃到纸
0,饭和丸子是热的，大酱汤冰凉，外卖小哥挺好
0,太少了，贵又吃不饱
0,味道还可以，就是这送餐时间2个多小时才到，也是醉了！
0,我点的20元的牛肉蔬菜卷，送来的是8元的尖椒土豆丝
0,两份一起订的，一份成功了，一份失败了，钱一样的扣了，还没有退回。再次订餐相差30分钟，送餐时间相差一小时，点餐前还打过电话让一起送到，结果还是一前一后，还差了这么久。什么订餐的心情都都没有了。
0,晚送了将近四十分钟！饭都凉了根本没法吃！太失败了
0,太他妈慢了
0,过油的都糊了，吃到嘴里一股子糊味
0,"九转大肠不错,其他一般啦！"
0,速度超级慢，而且电话也一直打不通，以后不会再订了！
0,"饭做的难吃，送外卖的也让人无语，,谎称保安不让进门，让我跑了好远才拿到，当面对质是送外卖的自己不想进，真想骂人！"
0,味道不错，送货师傅平均不停打电话催，等10分钟就告诉在不下来就走了，也没有那么忙吧！
0,"一般般吧,好多肥肉的赶脚"
0,外卖真不适宜点焗饭！
0,不是肘子肉吧，而且送来的都是凉
0,差评！！！实在不知道该说什么，事情太复杂，送餐人员一开始就打了一个电话，因为手机静音没有接到，马上就打回去了，结果说已经到别的学校了，好吧，那就等，结果期间又打了三个电话，还是晚了五十分钟送到了，总共等了将近两个小时。送到了也就没什么了，结果取餐的时候，我们还没说什么，送餐人员直接抢白，说因为我一开始没有接电话，他送了一圈饭，最后又回来我们这边。我们都能理解送餐人员的辛苦，可是您态度太不好了吧！说句凶残的话，怪我咯！！总之，任性，就三星！
0,再也不点了～
0,很不好吃。
0,送餐超级慢，送餐员态度也不好，打客服催单也没人理，取消订单也取消不了，总之是超级差劲
0,今天速度慢了些，大概45分钟
0,"京酱肉丝,居然没有葱丝，真恶心！！！！！！！！,恶心！！！！！"
0,猪头肉都是冻的，我还得自己加热
0,送的超慢，煎饼这东西时间一长肯定难吃，豆腐脑还可以。
0,"第一次订还算快,之后越来越慢,这次竟然漏送了一小时后打电话催才开始送,好无奈"
0,不要总是弄一些华而不实的东西，送来的餐都是凉的。扁豆都不熟，不知道扁豆不熟会有毒吗！！套餐里写的是姜枣茶，送来的却是豆浆！
0,没有在店里吃好吃，萝卜太多了
0,太辣了，送餐速度慢了点，等了两小时
0,一有点慢，吃了下午就拉肚子了
0,不值17元！我要的是肘子，里面加了一半鸡肉，不如大街上手抓饼加两块里脊，皮蛋瘦肉粥6元不如早起2.5元的实在
0,"太慢了,饿死人了都快,大家都别订了"
0,没吃过这么难吃的凉皮………还不如路边摊………
0,要了麻油没给，连筷子也没有！！！！
0,"送餐超级慢,用了一个小时四十多分钟,送过来的时候都凉了"
0,送的很快，就是不好吃，面里菜太少了，就两小片油菜叶子～
0,又凉又难吃！送餐时间两个小时
0,应该是最后一次点。。
0,米线没问题、可是送来汤全洒了、写了要带辣椒也没有带
0,很差，很差劲，第一，来的饭冷冰冰的，第二80多的麻辣香锅就几片藕片和几个鱼丸和几个鸡肉还是什么没吃几口就丢垃圾桶里了，你确定这叫麻辣香锅？？？
0,谢谢，服务非常好，继续支持
0,皮蛋粥，没有瘦肉
0,太太慢了，
0,送餐送的特别快，大概20分钟左右就到了，就是米线没有以前劲道好吃了，可能是定的太晚，米线已经吸水膨胀了，所以才这样吧
0,送的真快，在快点都能当晚饭吃了！！！
0,"差劲的很啊，少送不说,，还强制消费。。。想退款，很麻烦的"
0,"放屁39分钟送达,不到1点下订单2点才吃上,百度的智商,卧槽了"
0,为什么我订的鸡蛋，饮料什么的老是不见了？擦
0,量太少了，干锅牛蛙都是辣椒都没有牛蛙，不值这个价格
0,饭很难闻，有种发霉馊掉的味道。拌菜不错料包太小
0,太慢了～～～～～是不是临时杀的猪
0,快递员不认识路，还不听指导，还让我们下楼拿，一共3层楼，这样还收外送费，
0,送的真慢呢
0,分量少，不好吃，定了好几份，同事都说不好吃
0,快递不熟悉路线分不清东南西北晚了一点，然后20元的菜居然上面贴着10元的字样，还没有之前的15元的菜丰富！只有4个菜和一点咸菜！太坑了吧！15元套餐是5个菜，刚定一次就取消了，只能定这个，活动参加就办的有样子点啊搞的变贵菜还少了，给的也超级少！
0,扁豆焖面太油了，西葫芦锅贴更别提了，西葫芦干的好像晒了一礼拜，面皮又干，总之这次外卖实在是真的太失败了，吃了两口全扔了，实在是难以下咽
0,一点酱汁都没有，鸡肉还有浓浓的焦糊味！
0,人还没到就叫我下来，骗我说自己到了。
0,外卖很快，饭量跟小
0,送餐太慢了，味道不错！
0,送了一个半小时我也不说啥了。我这定的不是手抓饼吧？为啥没餐具？
0,等了快两个小时，电话打不通，催单不管用，米线没豆花没配菜
0,不错，够辣
0,味道什么的还不错，不过比预定的时间完了1个半小时左右吧，饿的有点胃疼……
0,跟图差别很大
0,我只吃到一块牛肉……
0,"土豆肉丝卷饼都酸了…不新鲜,配送速度极慢"
0,"点了海带丝没货,双拼饭超级难吃"
0,"这是第二次购买魏家凉皮,相对于第一次面皮分量少了，春卷分量远不足第一次。"
0,等了一个小时才到。
0,送的可乐呢？？
0,一个多小时送到，面他妈都坨了，
0,鲶鱼不好吃
0,说了不要辣的就是看不见
0,送餐很慢。。。
0,两个小时送过来的…电话还一直打不通…
0,我还以为又吃不上了，昨天和同事定的餐，硬是一下午没来。
0,米法子形容，，生煎成了包子。。。馄饨汤都洒在了袋子里。。哎，，这。。。这。。太纠结了
0,"觉得不是很好吃,略咸蛋"
0,百度骑士很快，从取餐到送达15分钟，商家忘了配送鸭饼，派自己人送，从第一个电话到送达用时一小时二十分钟，期间通话五六次，送达时鸭饼已冰凉，鸭子当然也凉，很失败的晚餐，商家管理有待加强。
0,量越来越少了。
0,"基本都是肥肉，大概5~6片。有点咸，卤蛋就是乡巴佬袋装的，开始还以为是他们自己做的。,总体来说,很一般"
0,之前晚归晚，至少还能接受，这可好，11点20订，两个多小时才到，送来了都该上班了，都没有时间吃了，下次不敢订了
0,"送过来的时候最底下的粥都压扁了,全洒了,送餐员也不看一眼,一坨就给我了,无力吐槽"
0,垃圾服务，耽误送餐时间好几个小时，送餐员态度还极其恶劣，解决问题的态度极其敷衍。简直恶心，不要订购否则只能让你花钱还糟心。
0,味道一般（纯素蔬菜卷）
0,一个多小时才送来，而且菜少的可怜，连平时的一半量都没有，不知道在干什么，好无语
0,从来没有评论过，实在忍不住，配送员那个脾气之差啊，让人感觉自己简直就是欠他巨款。点这么多外卖从来没遇见找不到地方的配送员，这位大哥找不到地方打电话问也就罢了，关键是整个人牛逼哄哄，一会儿嫌我说话快，一会儿又嫌我没说清楚。最后到了也是脾气巨差，一脸不耐烦。大热天的确实辛苦，但是正是因为大热天所以懒得出去才叫外卖啊，真不知道该怎么来抚慰这种配送员的心情，臭脸和语气堪比驾校教练。点餐的人受了这些气，饭菜怎么样还重要嘛。
0,这顿饭做了两个多小时，而且果粒橙没有了，没送
0,傻逼一样的服务，等了一个半小时，太渣了，以后不点这家了，等得都炸了
0,送的挺快，只不过收钱的时候是62，订单显示是49元，回家后才发现这个问题--
0,"很一般,有点小失望,而且送过来是凉的"
0,让餐厅别他妈再往菜里放葱蒜韭菜，备注写得清清楚楚，结果都放全了，不识字吗？！
0,冷面汤是由很多水果提炼的，这点比较地道！其他不太韩式，中式改良了。
0,足足3个小时才送到！
0,你们店赶紧关门整顿吧！有1公分长的蟑螂，真是对你们店无语！要不传照片上去看看！
0,口味很一般，我说不要辣店家竟然把青椒给抽掉了，然后整个一个土豆丝饼，而且还咸。。。粥太稠了，都没有什么味道，有待改进
0,剁椒鸡蛋里全是鸡蛋，几乎没有剁椒。
0,菜量太少，送过来也凉了
0,"挺好吃的,就是太慢太慢了！！(*>.<*),两个半小时！"
0,"不干净,竟然有个苍蝇在里面,我也是醉了。"
0,小坛东坡肘子好难吃，辣的，怪怪的味道
0,没给酱，很难吃
0,总体不错，不过凉皮的小料如果能单独提供就更好了
0,可能是因为远，汤都在盒子外面，鸡肉饭的味道一般
0,这次的排骨极其不新鲜！
0,"好吃,送的超慢"
0,从没吃过这么难吃的小炒肉，整个就是芹菜炒肉，用了红的辣椒皮，芹菜还是软的
0,点的卷饼和粥，就送了卷饼，没粥，快递说问店铺，打店铺电话还关机！就这效率和服务，怎么做生意的…
0,差评！！！！真的差评！！！！送来的时候都凉了，沾在一起了，调味包也撒了，味道也不好！！！！真是难吃！！！！
0,包子涼的，湯涼的⋯
0,鲜肉小笼汤包很腻，不好吃。皮蛋瘦肉粥还不错。
0,迟到了一个多小时
0,定了一份酸梅汤，送到的时候洒了一袋，酸梅汤杯口开了一个口子，这也太粗心了！
0,一万只草泥马奔过……等了一个半小时……再也不会订了！
0,我4点50订的和别人5点半订的一起在6点半过来
0,味道还不错，但是，真的有6寸吗，目测只有4寸。。。。4寸好吗，根本吃不饱
0,送餐太差，送餐人素质太差
0,生的，不能吃，扔掉了，配送还特慢
0,严重超时，无法联系！全是凉的！
0,外送员一直在抽烟，不送到大厦门口而是停在马路边等客人自己走过去拿。
0,等了接近两个小时，太慢了
0,速度有点优化，其他挺好
0,"面坨了。,口感不好。调味也很一般。蔬菜发苦。只有红油猪耳差强人意。"
0,顿鱼不给装餐盒里，在袋子里汤全撒了，太不负责了
0,花生不是很香。包菜炒糊了。味道还好
0,为啥每次都不要辣的，每次都是辣的
0,实在是一般啦
0,垃圾，真的很垃圾，订的饭吃了以后拉肚子，真心恶心，垃圾。再也不会订他们家的餐了。垃圾。劝大家小心点。
0,"配送员很好，很快，还帮我要咸菜。我得了肠胃炎，只能喝粥吃咸菜，订餐时备注了想要点咸菜。后来配送员跟我说他管商家要了，但商家不想给。注意是“不想给”,而不是“没有”。于是我就索然无味的喝了两碗粥。千方固元粥感觉米特硬，可能没熟。小米粥还行，但因为先喝了固元粥，小米粥的香也体现不出来了……"
0,餐还没有到，到底给不给送了
0,送餐的人什么态度，摆一副臭脸给她妈谁看啊
0,真怀疑是不是给我送错了，没吃过这么恶心的饭……除了荷包蛋和米饭，真的难以下口！！
0,凉菜不错～
0,送餐实在是太慢了，但卷饼挺好吃的
0,米饭再多一点，就更好了。
0,"这是红烧豆角啊,还红烧肉呢,什么啊"
0,"太难吃了,饼都变了,凉皮料也不对,骨肉相连骨头都不脆了"
0,酸辣土豆丝很咸，酸味貌似是很次醋，酸的难吃，青菜炒饭最起码菜是脆的，但米不好
0,总感觉肉有点臭臭的
0,饭已经都凉了，汤都洒的到处都是。。。味道很一般
0,太尼玛难吃了，垃圾垃圾
0,饭盒还没小盒八喜盒大，根本不够吃
0,"土豆丝明明选的炝炒的,送来的就是醋溜的,真心的难吃"
0,"红豆粥糊了,是煮糊的粥全部用来送外卖吗,西兰花没味,不好吃"
0,送餐晚了四十分钟，到的都吃完饭了，而且点的可乐也没有给我！什么玩意啊！！！
0,菜少，口味一般
0,"点了绿茶和露露,没给送,打电话说是一会送,等了一个多小时了还没送达"
0,量一般，菜一般。。特别的一般。。
0,两个餐盒为什么收四块？烤鸡翅是剩的么？！
0,下单时专门备注了少放土豆粉，但每次都是土豆粉放最多，都没吃，浪费了
0,我的卤蛋去哪了？少了
0,饭全部冷了
0,油撒的哪哪都是！！米飯都被油泡了！還沒筷子！
0,百度的服务还是很不错的，辣牛肉汤味道也不错，可惜送达的时间实在是太晚了，我都是冰冰凉吃的，唉，非常委屈
0,呃………今天的味道很一般
0,漏了，漏了，漏了
0,"9点40预定,12点半到,打电话下楼了,说送错地方了！！！能不能再坑一点,服务差到极点了"
0,"肉太少,全是土豆"
0,我第一次吃，不敢再吃了，因为我尝了一下红烧肉感觉肉肯定时间长了有味道，即使炖的咸味也掩盖不住，狮子头也是味道不正常就是肉不是新鲜的，我们是吃东西真是不敢相信他们商家怎么这么不在乎安全卫生、我们的身体还是自己在家吃吧。
0,味道不错，超值的
0,"送餐撒了,漏的哪都是油"
0,量比门店的少一些
0,送餐的师傅不错，非常快就到了。很感谢
0,很快，但是不如原来好吃了。
0,不错，就是送的太慢了
0,米饭忘记，餐具只给一套。极其不认真，辛苦快递员！
0,有点咸，包装好于食物
0,餐送晚了，打电话咨询态度很不耐烦说等着吧。味道没有以前好了，太多也越来越差了
0,"额点的最小份,不是很香…"
0,路远了一点（离店3公里）打电话来说需要打车费30，我认了，餐送到了后竟然加价45，人的诚信在哪里。
0,味道不错，但是送餐太慢了，而且说好的延时赔偿呢？
0,量小菜一般
0,"送餐速度太慢,我将近等了一个小时,下回不会定了"
0,预计11点送达，12点半才送，送餐员没到就给我打电话，我在楼下等他五分钟，呵呵了
0,谢谢！速度很快辛苦了！
0,之前送的很快，今天不知道为什么特别慢，送餐的还不认识路，就在他家馆子门口……
0,被图片欺骗～就这样吧，有点失望，还等了好久
0,"汤倒了,味道不错"
0,慢，早餐吃成午餐
0,好奇怪的味道
0,订了三碗粥，三份分量都不一样坑
0,百度骑士太给力了
0,送餐时间上太差劲
0,稍微有点咸了
0,等了一小时，感觉量略少，一个女生勉强能吃饱，偏偏我是饭量大的女生
0,非常不好吃，韭菜的不熟，西葫芦的也怪坏的，而且基本看不到鸡蛋
0,量太小了，对不起价格。
0,"太屎了这小炒肉,淡的要死,全是肥肉"
0,今天送来的茄子就跟别人吃剩下打包的一样，少的可怜！鸡丁甜的跟吃蜂蜜一样！太差劲了简直！以前总在这家买！怎么变成这样了？！！！
0,他们没用百度的快递，速度就是这里写的时间乘以二！饭店且等吧
0,根本吃不饱，还贵
0,本来是想省时间的，结果定个外卖花了我两个小时，以后绝对不会再选择这家了，口味一般，送餐还这么慢，还想不想做生意了
0,要了两个煎蛋，只放了一个。。。不过拌饭味道不错。
0,太慢了！青椒太多！
0,神奇的店子！大份的卷饼是普通的一倍价格，大小几乎一模一样！赚钱也不是这也赚的啊！
0,备注不要辣椒，还是放了辣椒，所以放弃当吃货的机会
0,我去，，4、5个小时你猜来！！！真可以！！！都别来他家买了。
0,一个多小时不说，还打了n个电话才找到，送餐员也太笨了！送过来饭都洒了，流了我一桌子，不给差评都对不起你们，完全没有没食欲了
0,第一次买，也是最后一次，拉的我都虚脱了，吃肉夹馍+酸辣粉拉=拉肚子，肉夹馍+凉皮=拉肚子，
0,苦瓜太苦了
0,"土豆没做熟,海带没做熟,腐竹没做熟,知道你们忙，但是菜要做熟是基本，不会点你家外卖了"
0,"太慢了,慢的不行,而且外卖肉少的可怜"
0,慢！！！提前订也白搭
0,煎饼送过来都软，凉了。。。豆花也冷了。。请问我应该如何评价？
0,菜少了些，其他的还行吧
0,退了，呵呵
0,调味还不错，牛蛙肉老，米饭不好吃
0,注明了不放香菜，结果送来满满的全是香菜。带汤的面条，汤和面没分开盛放，送来直接全糊了，今天注定要饿肚子了，28块钱2个多小时等待打水漂了，差到极致的外卖！！！！！
0,送餐时间延误1个小时，但外送人员态度较好，希望下次能快点儿。
0,"不好吃,一点味儿没有,肉根本嚼不烂"
0,"等了一个多小时,但是今天下雨,也能理解,特色牛肉卷饼不好吃,没味道,粥还小"
0,真心难吃，米饭又少，吃过最失败的一次快餐
0,味道还好，就是量少
0,买的红柚，送来的确是白柚
0,口味不错、速度也够快，就是量少了点。
0,叫了好多次你家的，这次送餐的态度特别差
0,鱼送来凉了，有腥味，份量还少，没得吃
0,送餐送错，还狡辩不给补偿，送餐时间3个小时，百度送餐员更是素质卑劣，额外还要加收17元的外送费。百度客服也没用，也没有解决！
0,有点慢，番茄酱没给我带
0,速度够慢的
0,难吃，太尼玛难吃，不是正宗的
0,你们就这么着吧，等着让饿了么抢生意吧，快等俩钟头了，好不容易送到了发现少一可乐，所有的东西都挤在一块，都特么挤烂了，给一星我都觉得多余凸(｀0´)凸
0,冷面不好吃，但送餐速度很快，还不错，以后换别的吃试试
0,披萨非常差，感觉像小作坊做的。而且点的蝴蝶虾结果送来的是鸡翅。关键鸡翅应该也是5只装啊，怎么成2只了。
0,"我要的热豆浆到了都凉了,想让我拉肚子吗？"
0,还没收到！根本联系不上！
0,备注说了要皮蛋粥，给我南瓜粥
0,送餐太慢了，生煎包和皮蛋粥都好难吃，以后还是选择别的吧
0,因为电话没打通就回去了，我也是挺无语的。怎么那么多送外卖人家都没打电话直接送过来啊。电话没打通跟家里没人不是一个性质吧。
0,订的11:45的餐，结果11:30就到了。最主要是两份饺子没有料，连筷子也没有，建议店主改进下。另外，扁豆丝盖饭味道有点甜，不太好吃
0,太难吃了！
0,石锅拌饭量很小而且不好吃，蔬菜沙拉只有蔬菜连料包和沙拉酱都没有，完全没有味道。
0,送餐很慢，态度很差，还要自己取！
0,送了快两小时才到！！
0,"土豆丝卷小了一倍,送餐速度巨慢,而且距离很近很近"
0,海带丝着实好吃。送外卖的小哥给洒了。满袋子都是那个汁。那个菌菇汤就是坑。居然是速冲的！还巨难喝。
0,不太好吃。不如以前做得好吃了
0,12:21下单13:01到达！等了70分钟！！！怎么安排的送单？？？？？？
0,从下单到送达用了将近一个半小时，据商家反馈送餐员在路上狂奔了30分钟，从郊区都能到市中心了吧。饭送到都凉了，吃到胃里都是凉的。不会再订了。
0,"凉的,怕拉肚子没吃"
0,菜品很差，光见白菜了，还很少，就一点肉，肥肉特多，菜量只有平时1/3，极差!
0,备注写的很清楚饮料芬达不加冰，结果可乐还是加冰的，还没有管，怎么喝！要的套餐，薯条没有番茄酱，真心无语了！能不能用点心，谢谢！
0,送货时间长，而且洒了不少。
0,凉皮可以，肉夹馍真心不好吃
0,基本都是带皮肥肉
0,"张银平外卖员简直就是脑子有病！！！！买了3杯,纸袋子都已经全湿了,下半截都烂了2个大洞了！送到我手里啥也不说转头就走！！！里面都洒了半杯了！！！还没给奶包！简直了！没见过这样的外卖员！！百度是不是该找点有素质的外卖！！！"
0,送餐用了一个小时，一个小时，什么鬼，乌龟都到了，菜还油的要死，我点的炒饭，一堆酱油，只能看到黑乎乎的一坨，是一坨!!!!
0,味道一般，有点辣。总体还好
0,今天慢了一些，其他都还好
0,服务态度不好！送餐太慢！
0,一个多小时才送到，都不好吃了
0,比预计的送达时间晚了半个多小时
0,堂食与外卖的菜量难道不一样吗？菜量明显不够啊。
0,好吃的都慢
0,果然像大家反馈的一样，饺子坨的不像样，一夹都破了！而且店家的醋也没密封好，洒了一袋…味道嘛，猪肉豆角还不错，西葫芦蒸饺不好吃。再说配送，我一直不能理解，百度配送那么慢你们是怎么有脸要五块配送费的？百度配送每次中午十一点左右点餐，都得送一个来小时，上次还有次快俩小时！你看人饿了么，官方配送最多四十分钟！不过看在满减活动给力的份上也就忍了
0,"没给发票啊,几个意思啊"
0,"这宫保鸡丁,就鸡丁,黄瓜,花生米,没了-,-,菌菇汤,就是个汤包,还得你自己用水冲,有点儿坑"
0,菜量太小米饭太多
0,一个字：咸，两个字：很咸，三个字：超级咸。。咸的大排我只吃了一口就吐掉了，，不敢吃了，我在想：厨师是一整包盐放进那一块大排里的？？
0,"石锅拌饭量太少了,太少"
0,丽华的经常点
0,"口味不错，就是,时间有点久了，粉有点碎了，还有原来是一个卤蛋啊，我以为是两个！"
0,越来越小了，性价比不高，而且少送饮料，包装也开始糊弄了，不会在吃了
0,太鸡巴坑人了，四角小饼够鸡吧谁吃，备注还写了饼稍微多点，草，赶紧倒闭吧
0,"垃圾,三个小时才到"
0,干锅牛蛙还是不错，比较辣，就是送单太慢了
0,好久没吃了，说再吃一次，味道还是那个味道，送餐速度还是那个送餐速度，他妈的2个多小时才送到，蛋挞凉透了，面陀了，有木有，自己送的餐的服务不行，能不能花钱跟百度签个送餐协议，擦。
0,点了个帕尼尼，我去！这啥？怎么好意思叫帕尼尼？难吃死了。星巴克帕尼尼，难吃中的战斗机！
0,10：30订的，12：40才到啊。两个小时啊，害的我午休时间都没了。鸡肉老，整体味道勉强及格。太失望
0,"要了4份，特别少不说，鸭脖就跟没有躲过一样特别大块。客服电话打了,根本没人接"
0,饺子没煮熟，还粘在一起了。茶树菇里都是辣椒。再不点他家的东西了！
0,真心不好吃真心不好吃
0,不送餐到手，非让自己取
0,备注加奶油也没加，骑士服务很好
0,等了2个半小时这也就罢了，想取消订单的时候商家竟然还关机。派送的大叔冒雨送来我也是觉得很辛苦，据说派送大叔不是商家自己的人，我看他的app上显示13:24接到商家发出的我的单子，可是，我11点19下单的啊！如果以上我说的这些都不叫事的话，那我收到的鸡腿肉卷里为什么是猪肉的？呵呵嗒，订餐受99点打击，再也不来了
0,时间有点长，都这么晚了~还很忙啊~我都快饿死了
0,"恶心，说好的11点15送达，晚了1个多小时，分量那么少，,根本不是牛肉，卷饼汤露的到处都是，饼都没熟，不知道什么味，真难吃，服务挺好的，有毛用，草，再也不在你家买了"
0,买了好几次了都没问题，但这次的咖啡不知为什么上面一层油，幸亏打开盖看了一下，要不就喝进去了
0,没有给带发票。。。
0,"时间非常长,一个小时了还没取餐,百度方面也不解决问题,连句道歉都没有,绝对不会再使用这个软件了"
0,要楼底下取餐！以前没有这种情况。
0,送餐时间远超1个小时，骗我说送餐员在路上可是2个小时才到。爬也爬到了吧！差评！
0,昨天的剁椒鸡蛋太咸了，其他的感觉还可以。
0,最难吃的一次，菜明显是剩下重做的，吃两口就扔了
0,可乐送到已经洒了一半，都没气儿了，豆腐脑也洒，红油抄手也洒了，哎！！！外送需要再专业一点
0,不是特别好吃。没有什么味道、
0,配送超级慢，垃圾！配送超级慢，垃圾！
0,送餐时间太晚了
0,披萨萧了点
0,"晚了一个半小时,而且都凉了"
0,在你家订了很多次了，这次又是没有按时送达，而且饮料没有吸管，餐具纸巾什么都没有，我问你们，豆腐脑没有勺子拿什么喝？？？！！
0,送了快2小时，我打电话，老板说送出来，等了40分钟送餐员到了，问送餐的，送餐的说老板做菜慢。我也是醉了！！！！！
0,不是鳕鱼，骗子！
0,"肉质不新鲜,已经有味道了，不知是不是外卖才这样"
0,今天点了咖喱牛肉饭，我不懂为什么是拌好的。剩的？
0,好咸好咸好咸，两份菜下肚估计吃掉了2量油1量盐，虽然盐是属于腊肉的但油是属于肥肉的。不过咸到这个程度我也是醉了。送餐大叔态度很好。
0,太咸了，辣椒里面不知道有什么东西，吃了好几次都像石子的东西。
0,焗饭外送太失败了
0,鱼我不说啥，那个抄手……如果能拍图片，就不用说了，我估计5块都不要…
0,我点了加的东西？肥牛？里脊什么的，2块钱就一片？好吧，这也没啥，好歹你筷子得给我吧？
0,都挺好的^ω^再优惠点。
0,味道一般。来的时候已经有点凉了
0,点的超辣，结果是不辣的，而且等了一个多小时才到。真忍了。
0,送了两个小时才到，我也是醉了
0,分量很足，就是送餐速度太慢了…
0,菜的味道一般
0,虽然送餐很快，可是焖面吃了一口就吃出一只虫子，带翅膀的有蜻蜓那么大。。。
0,订餐后经催促一个多小时才送到，菜和饭都是凉的，吃的很不舒服
0,备注写明要热饮，还送来加冰的！
0,是我吃过的最难吃的宫保鸡丁
0,"肉饼一般，粥还凑合，一点下的单，二点半才送到，说电动车没电了，我觉得如果不能按时送到的话，应该及时和买家沟通一下，,避免买家联系不上而苦等！"
0,店长说话很气人直接告诉送不了叫我退了！
0,这样的送餐速度，饿死两遍了
0,面都坨成一起了，建议点面的及时送，不像米饭
0,配料太多，味道一般
0,卷得和以前不一样啊，锡纸卷到卷饼里去了，吃得到处都是好烦
0,我要的冻豆腐的，送来的却是酸菜的。味道倒是还行，就这样吧。
0,"一般,不好吃"
0,"晚了非常久就不说了，这卷饼如果中间不刷酱的话,你菜单上写什么刷酱啊？一点味都没有"
0,"送来时都坨了,没一点汤了"
0,我点了一个蛋一根肠一份套餐！给我送来两份腌菜没有蛋！！
0,13:20多才送到，呵呵嗒，强烈要求自取！！
0,"分开了好难搞，本来就图个方便,搞这么麻烦"
0,太咸了，建议做淡些，给口重的用户配一小包盐
0,跟店里味道不一样
0,"一会给送,一会不给送,脑子有病？"
0,味道稍微咸点！整体不错！
0,骑士漏送了煎饼；店家的面和抄手咸得要死；双差评！
0,晚到，不认识路的送餐员
0,送餐的说餐厅不给开发票，要等。无语，他们就和百度这样合作的吗？送餐也超时。
0,味道真心一般感觉不是特好吃送餐的到还挺准时
0,"饺子直接都塞在打包盒子里咯,全都粘到一起,看不出是饺子"
0,"难吃,还一堆青菜要自己拌"
0,"东西挺好吃,就是送的太慢"
0,等了好久好久，白菜变豆腐丝了，好郁闷
0,好吃，但是少给我一个香菜干丝，后来外卖员给我退钱了！
0,没见过这样的餐厅，十点多定的，整整送了两个小时，电话费都不知道打了多少！！！！
0,送货慢，订的排骨没了，换了个黄焖鸡，有点辣
0,汤横着就送过来了，撒到处都是!
0,煎饼果子放沙拉，真是享受不了
0,煎饼量大，酱料味道一般，凉面太油，稍辣
0,又他妈迟到
0,压根没送达，送餐员东南西北都不分，要退款
0,最差的一次外卖体验，第一个订单被取消，第二个订单12：40下单，2点才送到。饺子已经冰冰凉。
0,这顿饭吃的很纠结，浪费了我的5元优惠卷！
0,菜没有盛满，米饭量稍微少些，男同志有的吃不饱
1,好吃，评晚了。
1,皮蛋瘦肉粥好像胡椒放多了，有点辣。鱼香肉丝的卷饼味道不错，但是甜味偏重吃多了有点腻，分量很足
1,小哥还顺便帮忙取了快递！好评好评！
1,鸡肉披萨不错，手指牛排特别赞！
1,"送得很快,东西也很好次"
1,非常好！包装！和味道！快递也很赞，EMS能这么快，哈哈
1,非常好吃，味道好极了！！
1,送餐快，味道好，，，，，
1,"农家小炒肉,有一点辣了。"
1,这次晚了一个小时……我也是醉了
1,好吃，量很足哦，送餐速度也够快，送来还很烫那
1,送餐员态度特别好，嗯嗯
1,太度很好送货及时！^_^
1,"包装好有喜感~满满的都是肉~除了有点干,其他都OK~"
1,点心好.送货人员服务态度也非常好.赞一个。
1,"你家不看备注的吗？我说了装两个袋,帮别人买的,还用一个袋,我怎么拿啊"
1,卷饼看着很小但是很占肚子很好吃
1,披萨好吃，原味鸡翅非常好吃
1,"味道很好~送餐员神速（低于预期时间）挽救了饿坏的我~,只是饮料没有吸管.."
1,送餐小哥服务很好，大虾也很好吃
1,在SOHO500米外的融科望京苦等三小时之后终于等到了！！！
1,骑士笑容好温暖。。。各种风驰电掣的送到了。。。
1,宇宙还是一如既往的给力！继续！
1,非常好，特别快，感谢送餐小哥
1,味道不错，刚好适合我的饭量，包装也很贴心。
1,"味道和以前一样的,棒棒。"
1,特别好。味道也好，送餐很快。
1,不错，不错，用百度外卖太方便啦！
1,太棒了，速度快，优惠也大！
1,挺快的，真的挺不错。
1,超级准时，面好辣呀！
1,东西还是很好吃的，要是速度快点就无敌了
1,味道还可以，就是送错了，京酱肉丝变成了香菇鸡肉
1,味道很棒啊
1,服务周到。很贴心。我喜欢。
1,很好很强大
1,第一次用这种玩意，感觉羊都已经被薅秃了
1,好吃得不得了！懒得出门了哈哈哈
1,红红火火恍恍惚惚哈哈哈哈
1,果汁不错，还会再来滴
1,这个小炒肉不好吃，我吃过的他家最难吃的菜之一
1,腊牛肉好吃极了！
1,送餐很快，肉很好吃，量还可以
1,赞一个。很快的
1,感觉是秒到啊
1,卷饼很实在，京酱肉丝都是瘦肉。南瓜粥一般。
1,"快递小哥很辛苦,下着大雪,还辛苦的工作,必须赞,好评"
1,"送货态度非常好，提前了20多分钟，送得非常快，百度配送，靠谱！,奶茶一如既往的好喝，棒棒哒～"
1,煎饼还是得现做现吃，豆腐脑非常好吃！
1,价格优惠有内容
1,"建议再出款浓情可可，与岩岩的区别一下。,总体很满意啦！百度我支持你哟！雾霾天百度小哥辛苦你啦！百度公司一定要发给他们口罩哦，太不容易了！"
1,非常划算，很好
1,这次推荐鸡肉的。但备注了酱汁貌似没给哎、依旧干、幸好赠送了王老吉。
1,这一单不错，完全满足需求
1,饺子和盖饭都挺好的。就是酸辣粉不正宗感觉。不知道四不四因为时间长了。
1,味道还行，但是送得好慢
1,快递员很客气辛苦，因为食物破损还跑了两趟，谢了！
1,炒饭油，咸，鸡丁也炒咸了，放在饭盒里，应该淡一些
1,两份一起下的单，结果第一份10分钟就到了，第二份多等了半个多小时，还是打黄太极客服催了之后才配送的…饿shi了
1,看到来送外卖的大叔疲倦的样子，真是各行各业都不容易，国家何时能让大家共同富裕起来，至少别等级差距这么悬殊。有的人好吃懒做贪污受贿穷凶恶极却位居高位。人民代表代表不了人民。底层社会的真相他们毫不知情。
1,吃过好几次了，味道挺不错的，外卖送的很快，喜欢
1,大风天，骑士辛苦！好评！
1,很好，很快就送来了，谢谢
1,"大雾霾的,外送大哥辛苦了！天冷注意身体！"
1,经济实惠，又好吃，打包的还好
1,南瓜粥一般，没有南瓜的香甜味道！
1,好吃是好吃，就是牛肉味不浓
1,速度太快啦，很好吃
1,发货速度较慢
1,最爱青城家的饭菜～如今终于可以外卖啦～带娃来不及做饭时首选青城～主要是吃的放心，很干净，菜的味道有家的感觉，老板人特别好，这也是老店如此火的原因，希望能出些新的菜品哈哈！
1,卷饼很不错，就是粥太淡了，应该咸一点。。。可能是我个人的口味。。。
1,煎饼挺好的，就是龙抄手真心太少了，而且一碗要大十几块钱，有点不值。
1,今天天气很冷，送餐师傅辛苦啦
1,送餐快！好吃，肉多
1,速度很快哟，女儿的岩盐芝士可可有点咸哈哈，我的的大满贯还是比较赞滴！
1,凉拌山竹笋特别好吃。
1,最爱吃的两样，而且送餐超快！
1,特别好的外卖小哥，卷饼很好吃，粥也好喝，真心推荐！
1,买完才发现店的地址这么远。。。味道还可以，饼的皮儿有点硬，应该是太厚了的缘故吧。。。
1,味道很正点！餐具很好用！送餐速度快！
1,"好吃,就是慢"
1,送餐小哥很敬业
1,味道不错，送到的时候还是热的。
1,能感觉到店家非常在乎客户的意见，赞一个。
1,菜有点少，饼有点干
1,鱼香肉丝的好吃，土豆丝的有点油
1,超级好吃~明天还定~
1,炸得太狠了！还是不错的
1,送餐有点慢，但是味道不错。
1,第二次点，这次送的速冲咖啡。
1,不错，很好吃，送货快
1,"土豆泥量够大,吃了半份快饱了,披萨芝士够足"
1,少一盒米饭，只送了三盒米饭，我要了四盒
1,很快，包装可以，好吃
1,送餐非常快，给快递小哥一个
1,大雾霾，外卖小哥记得带口罩哦！给爸妈带回天津尝尝稻香村的的小肚～～～
1,用大众点评直接订餐50多块，说无法送餐，退款，用百度外卖优惠完29块就送到家了，我啥也不说了，开心啊！
1,谢谢啦，辛苦，很赞赞赞赞
1,"不错,很好吃。。。"
1,"送餐奇快啊,就是手撕包菜花椒多了点"
1,好喝，大雪天的非常感谢
1,虽然等了一个多小时，但确实因为天气热，外卖小哥送不过来，辛苦辛苦，好评
1,额，卷饼好吃⊙▽⊙，但是送餐速度←_←的确有像向宇宙来的
1,送的挺快的
1,还可以吧，和平时差不多
1,配送及时，态度很好，五星好评
1,好就一个字
1,"很好吃,特别快就到了"
1,味道还是那么好，服务也很好，就是速度再快点就更好了
1,煎饼果子，吉不可耐！吃吃吃！太像广告了吗？
1,没有放辣椒，吃着不是很爽
1,猪蹄太好吃了！煎饼也不错。可惜蘑菇是油炸的。
1,很好吃，密封紧密
1,好大一份！
1,就是一点凉了
1,味道不错啊！
1,"快递师傅送的很快,给个赞"
1,卷饼很好吃，送餐也很快！
1,皮蛋粥不错
1,"不错,包装也很好"
1,"刚下那个单就给你打电话了,你一分钟就给我做出来了？平时定的时候你怎么没那么快啊,这回顶个单你这么快埋怨我"
1,非常赞。棒棒的。赞赞赞
1,沙拉忘了酱
1,"就是好吃,量还够。速度也快"
1,味道不错……
1,送餐速度还可以，饼很好吃
1,"送餐很快,态度也很好,谢谢"
1,外卖小哥超好，送的准时，糕点包装的很好。超级棒
1,好喝！味道不错！送餐也很快！
1,外送员打了5次电话，问地址！真是无语
1,一如既往的好吃。。哈哈。。粥也不错
1,我的最爱枣花酥，包装非常好，一点都没有碎。。味道一如既往的好
1,"说实话肉卷很好吃,就是送餐速度太慢了,不是一般的慢,希望送餐速度有待提高"
1,"超级棒哦,吃不腻哦～～～暖暖哒"
1,不错很快～
1,还不错，就是米饭有点水…
1,很好吃哦，推荐大家尝一尝
1,很好吃的煎饼
1,好吃，送货迅速，大冷天送货，送货员辛苦了。
1,百度小哥太有礼貌了！约17:30送餐，敲家门的时候一分不差！绝对32个赞
1,比预定时间快了20分钟～很好～
1,午餐高峰时段速度很快！
1,挺精致的午餐、百度快递不错、很快！
1,太快了，送的！
1,送餐很及时，态度也很好
1,这个卷饼的套餐配的很好，没有粥来冲淡一下的话，就又甜又咸又腻
1,"蘑菇和南瓜太少了,薄脆煎饼一个不够吃"
1,很快，不过
1,一直订眉州东坡的外卖，很满意，特别是外送小哥，还帮我把门口的垃圾拿出去到垃圾桶，真得赞一个。
1,"太不好意思了,让师傅大风天等我半小时，手机静音了,太抱歉了。第一次用百度外卖，很好"
1,东西好吃，就是只点了两份面还送错了一份！订的是牛杂面送了份牛肉面，价格也有差别呀！
1,"早有耳闻,,结果配送太晚了真是黄太急了，味道还是不错的"
1,"为什么不能用代金券,为什么没有满减,下次不定了"
1,价格偏高，不过倒是蛮好吃的。
1,很快，很好
1,个大量足，吃了很撑，太给力了，还会再来！
1,下了两单，第二单慢了点，味道还是不错的
1,送餐超级慢啊，味道很好
1,这次送餐超快，好评，好评，好评
1,外卖小哥速度很快，态度好，东西也好吃，赞
1,没想到呀，真的好快呀，支持支持！
1,"东西好好吃,就是速度好慢,说是十一点多送到,结果十二点多才送到"
1,师傅非常好～谢谢
1,快递小哥人又专业又好！快到了提前通知，电话很有礼貌很耐心，而且按时送到了
1,猪肉堡里的酱流的哪哪都是，除此以外还算满意，以后不点猪肉堡了
1,快递大哥很负责任，相当棒
1,由于外出没及时赶回家，快递小哥在寒风等了快十分钟，为了把披萨放在他随身的保温箱里，满满都是感动啊♥️
1,第三次购买了
1,秒送！太快了！
1,米饭有点硬，有点凉了。
1,太棒了，很新鲜，量也足，我和孩子吃得很过瘾，好吃，送货很快
1,芋圆小丸子不甜～希望下次甜一点，真的没什么味道
1,很快就送来了，棒棒哒，满意。
1,味道还可以，速度一般。
1,稻香村的糕点一直都很好吃
1,卷饼很实惠，粥里没糖
1,非常棒！好吃
1,分量真足，就是微贵
1,很用心的店！支持！
1,"送餐很快,味道很好"
1,挺好的，不过辣椒酱希望能改成油少一点的
1,送餐很快，小菜很好吃
1,经常买，汤包很好吃，蒸饺也不错。
1,送餐员辛苦，奶茶好喝…
1,"一般,不是特别好吃"
1,"很好,外卖小哥服务也很好"
1,好吃就是太少
1,外卖员不送上来，店员亲子送上来，十分感谢
1,皮蛋粥不如上一次的，有点稀
1,"包装很棒,可惜味道偏甜不合口味"
1,外卖哥最棒最棒最棒。。。。
1,眉州东坡，真心不错
1,送餐那哥们特好
1,百度骑士冒雨前来，送餐及时，非常感谢
1,味道不错，送餐员态度很亲切，非常快
1,肘子卷饼很好吃，推荐
1,送的非常快，包的也严实，好吃
1,都挺好的我很满意。。。
1,味道好，就是忘给我餐具和纸巾了，豆腐脑没法用筷子吃呀
1,送得很快，态度很好，菜量十足，实惠
1,真好啊，量很足，味道正宗，配送也快
1,"骑士人很好细心超快速赞一个,饭还好量大"
1,"很好吃,忘给筷子啦"
1,这次速度很快，味道不错。
1,好，爱吃夹油条的煎饼果子
1,肘子肉的很好，素的基本没有菜，只放了酱。送货速度还可以。不到一小时就到了。
1,今天忙到忘了给我半糖，下次希望别忘。
1,相当好吃的香锅，分量够足，味道也没的说。
1,送的出乎意料的快！！
1,很好喝，送餐也及时。。。。。
1,百度骑士夏豪杰特别好，我把地址写错了，他也没有抱怨，态度特别好地帮我送过来，非常赞！
1,包装很好，味道也不错，如果再有点菜叶就更好了，都是肉吃到最后有点腻
1,手撕包菜肉太少了…没有不辣的肉菜
1,不错，常定，味道还可以吧
1,一直很满意，尤其是配送服务
1,"百度小哥太好了～速度极快～刚到楼下,我有货到,还帮我搬了两箱货,太赞了！太赞了！"
1,送货速度很快
1,比我想象的快啊，才一个多小时，这两天都是两三个小时的。
1,货真价值的肘子卷饼，味道很赞，就是饭点送餐慢了点，可接受
1,很喜欢的美食！
1,就是量特别少，味道一般吧。
1,快递员，好给力啊，太棒啦
1,今天晚上送的速度快，而且送餐小哥人非常好。比上次那个好多了，下午才送来
1,骑士很好，赞一个，很礼貌，辛苦了！
1,服务很好！少了豆浆，又特地送来
1,好吃。一直爱吃他们家的菜
1,外卖给力煎饼非常给力
1,还可以，就是汁少了些
1,配送速度很快，配送员服务很好，包子一如既往的好，下次还会光顾
1,菜太难吃了！一次够了！再也不买了
1,品质不错，希望一如既往地坚持！
1,好吃！量很足！送餐准时！
1,肉比较多，不过比较油腻，一个感觉不是太饱
1,果真是大馅饺子，味道很棒啊！
1,神速呀。。订完20分钟就到了。。。果断好评，快递小哥态度很好，赞个
1,送来的很快
1,还可以再来
1,蔬菜一起煮汤里就不太好了，味道还是没的说，在这家买过好几次了，很喜欢。
1,配送员特别好！很快！感谢配送员
1,样样都喜欢，快递人员速度超快，及时吃到了。
1,味道很好，就是手滑点成冰的了，悲剧
1,简直神速…非常好喝。继续努力
1,快递员很给力，很快就送到了，谢谢，辛苦啦快递员
1,逢年过节不用排队了，好
1,这么恶劣的天气真是辛苦外卖小哥了！！！
1,配送师傅速度很快，态度也好。
1,特别特别好，外面马上就要下雨，小哥快马加鞭的来了～～神速～^_^
1,这饺子皮薄陷大，味道很棒，送过来还热腾腾的，百度骑士风一样速度，感谢店家，感谢骑士！
1,撒得一塌糊涂，味道不错。
1,赞，不过泡菜五花肉略辣了些，个人口味问题。
1,多次购买了，商家很快～快递也很好！
1,很不错的~
1,非常好！第一次用百度外卖，送餐很快，快递小哥也很礼貌。菜品量足，味道不错，下次再来。
1,很好，送餐也及时。
1,量大卷，很粗壮虽然送了手套一只很贴心，但吃上还不是很方便留汤儿啊！口感一般没有特别记忆的味道，送餐快态度好外包装牛皮纸袋好！
1,稻香村的点心自然不必多说了，就是好吃！外卖小哥服务也非常好～赞\(≧▽≦)/！
1,好吃，豆腐脑也很好，就是送过来的时候有点凉了，得加热一下
1,"又快又好,小哥态度很好,好评"
1,非常好！！我家住六层，送餐人员直接就爬上来了送到家门口，态度特别好，辛苦！感谢！
1,"不错,满意"
1,"非常满意的餐品,玩了几分钟还是情有可原的。快递小哥辛苦了下雨天不容易"
1,速度慢，都是食物真的很棒
1,还蛮快的，味道也还不错，我喜欢~
1,量大，吃了三分之二就饱了！
1,这大冷天的辛苦骑士了！谢谢您！饭很好吃！
1,包装很好，很干净
1,非常棒。就是有点少，不够吃。
1,快递很快，态度好，赞
1,"味道不错,味道不错。。"
1,非常好吃！冰花很脆！
1,味道不错，服务不错，
1,羊肉的好吃，牛肉的一般，如果肉里有点酱油就好了
1,送的特别快，稻香村的点心真的挺不错的
1,等收到的时候，卤煮是温的，饼是凉的。速度慢。
1,"推荐,真的很好吃哦"
1,送餐巨快！态度超级好！面条好吃！就是花生米菠菜，花生太多了！本来想吃点菜的！
1,速度很快。味道也很不错。
1,"好吃,干净,肘子的肥肉也不腻。百度活动给力,一百分"
1,挺好，继续保持！
1,实在是太大份了…我点的东西够五个人吃的…味道挺好的…尖椒也很辣…就是拌饭有点咯牙…希望以后更好，谢谢！
1,卷饼一般，粥和小菜不错，包装很精致
1,送货员很赞，很到位，在单位都送到房间
1,奥尔良烤翅中直接是夹生的，完全没法吃的节奏⋯⋯其他很赞。强烈推荐芝士土豆球和五花肉石锅拌饭！
1,味道不错，价格合理，很好吃
1,"超级快,送餐员超级好"
1,很好喜欢极力推荐噢
1,味道很好，值得推荐
1,餐到的有点早，不知道味道咋样，还没次
1,定的汤圆一份就俩个，相当无奈！
1,"外卖包装需要改进。。。。,。"
1,不错，就是地三鲜油太大了
1,够爽，好吃，一个人吃有点多
1,很不错哦包装很好
1,一如既往的好点心好味道！还送了小礼物，很开心呀！
1,卷饼不油腻很健康
1,第二次点了，量大，很不错
1,超级快！奶茶一如既往的美味！
1,蘑菇鸡肉的超好吃，希望粥能甜点，配送师傅麻烦下次别在电梯间打电话了…根本没信号，建议可以发送短信通知！
1,好吃，好吃，好吃，重要的事情说三遍。
1,量足味儿美！
1,味道很好，米饭软硬也刚刚好。
1,味道不错，就是感觉菜量有点小有点干，多少带点菜汤就好了。
1,"有点儿慢阿,八点了才来"
1,"便宜实惠,好吃不贵"
1,"很喜欢吃,卷瓶很实惠"
1,不错哦，更喜欢吃汤面
1,"每次都买珍珠奶茶,很好喝,送餐速度也快！推荐购买"
1,估计是太远，不过味道倒是令人惊喜啊
1,❀⚘送༵来༵不༵是༵很༵凉༵了༵但༵味༵道༵还༵是༵不༵错༵的༵⚘❀
1,还不错~~包装袋子特别棒！还送的有一次性拼图~
1,"太慢了,每次一个小时以上"
1,好吃，这个评价够了吗
1,特别合适，好吃
1,不错，还会购买。
1,包装袋好精致，卷饼的味道也很香，就是南瓜粥没味道，可能是不合我口味吧
1,面和粉的味道很赞啊，分量足，牛肉肥肠也给得多，豆干好大一块啊
1,就是有点咸了，其他还好吧
1,感觉酱味不太适合老北京人
1,好服务，就是习惯百度外卖的快速
1,"味道不错，,就是慢了点儿"
1,紫苏黄瓜油大了点。烧椒皮蛋醋多了辣椒吃起来发酸
1,"师傅很辛苦,下雨还这么快送来"
1,便宜，实惠
1,送餐人员很给力，直接送到门口
1,配送员送货及时，糕点质量好
1,速度超级快呀，很好喝，冰爽
1,特别准时服务态度超级好
1,很棒的哦，第二次订餐了
1,披萨很不错，薯条放久了没在店里的好吃
1,"很好,味道淡淡的,而且很干净"
1,挺好吃的，也干净，小炒肉很解馋
1,薯条很大很好吃！送餐快！
1,外送小伙儿很逗
1,羊肉串尤其好吃！！
1,还不错，就是稍微咸了点
1,花卷每次斗一定要买特别好吃
1,速度很快，不错啊
1,点了两次，不太爱吃。偏咸
1,很好吃，味道不错，谢谢
1,"是羊杂粉，一碗就饱了∠(,ᐛ,」∠)＿"
1,配送快很满意就是炒饭将有太多啦
1,发货太速度了，热乎乎的，都很好吃！百度骑士辛苦啦！
1,不错呢。。
1,速度挺快的！点赞，继续加油？
1,很划算，就是送的慢了点，送餐师傅可能新来的，对地形特别不熟
1,味道不错，值得品尝！！！如果配送再快一些，那就完美了！
1,速度快好多！
1,"送的太慢,由于太饿也不知味道如何,全五分。向同样等待的人们,致敬"
1,送达晚了些，但是送了一瓶饮料，心情舒缓了些，好评
1,送餐小哥赞一个！！！辛苦了
1,感谢骑士师傅，辛苦了！回家路上定了餐，到家没多久就收到了！赞
1,很快味道很好
1,买了两份馅饼只给了一份，也没解释为啥也没退钱
1,很好，超值
1,味道不错，口味偏甜
1,"师傅相当神速啊,好评！"
1,"已入肚(ฅ>ω<*ฅ)，都挺好吃的，不过重庆杂面酱有点咸了，感觉至少在少放上一勺盐才能接受。味道倒是不错。,日常:小哥辛苦了。"
1,青城饭菜很好，配送服务也快！
1,好快啊。不过里面的肥肉让我头都晕。
1,还是更喜欢素的，不过味道都很不错
1,"我只能说这么冷的天,送的很快，店里人直接送的,太温暖了,很好吃,老板人不错"
1,大冷天的，送餐员辛苦了
1,几乎天天都喝
1,味道好，干净，包装精致
1,"第一次吃速度很快而且也很不错,以后会继续支持"
1,里面有蘑菇。总体不错啦
1,配送很快！点赞，凑够十个字
1,送的挺快的，稍微有点腻
1,味道不错，送餐时间一个多小时
1,鱿鱼炒饭比鱿鱼石锅拌饭好吃
1,饮品味道一直很棒，有外送太完美啦～配送大哥服务很好，热心帮忙找零钱
1,太慢了。挺好啊
1,很不错，服务很好
1,服务好，速度快，赞
1,不错口味清单，老人孩子吃都可以
1,"送餐速度很快,糖醋小排很小一盒,云吞很大一盒"
1,味道很不错，送来还是热的
1,"真不错，肉馅很鲜，调味也不错,像家里包的一样，陷大，好吃，吃的挺舒"
1,一直买他家的香脆鸡肉披萨，喜欢
1,速度非常快，味道也挺好，一直喜欢他家的皮蛋粥
1,很好，很好吃量很足～～～
1,速度很快，就是他家菜量太小了
1,送餐速度快，菜量很充足。
1,真是傻缺的一个卖家
1,京酱肉丝有味道啊。坏了吧。
1,很速度，赞，奶茶也好喝。
1,"今天这个貌似不是很新鲜,而且送的有点慢,从订到送用了1个小时,昨天用40分钟,橙汁洒出来不少"
1,挺好吃的，好吃不能怕贵，值得
1,挺好的，百度小哥很好，菜品也不错。
1,送餐很快，而且百度的减8元很给力
1,眉州东坡的宮爆鸡丁很好吃，送餐也很快
1,肘子卷饼肉很足。就是我口味重不够咸
1,好吃！给力！
1,一如既往的味道我喜欢的口味
1,大热天的，谢谢配送小哥了
1,第一次少送了，让配送员跑了两次，不好意思！
1,"都是肉,有些干,肉真的很多,多一些汤汁就好了,味道还不错,还送了个速溶咖啡"
1,还不错，，，经常吃
1,味道比以前有改善！
1,"饺子太好吃,妈妈的味道"
1,百度骑士特别给力，奶茶是经典大家都爱喝。
1,快递小哥很给力！冒雨前来，态度很好！赞！！！！
1,挺好吃的送的也比较快
1,蛮好吃的就是饭太少了
1,非常好吃，经典，必吃！
1,百度外卖不错，
1,速度挺快的。包子挺好吃，凉菜量太少！
1,送餐速度超级快！这次订餐好成功，点的菜都好好吃。服务态度也好，牛蛙不够了给打电话确认加了大虾。
1,味道不错，送餐人员也很负责，必须赞，
1,送餐师傅很好呦！饮料好大杯！吓死宝宝了！
1,今天很冷，送来的pizza还是热的！谢谢送餐的大哥
1,没我想象的大，只有一个卷好了的，差点不够吃！
1,很快，还挺好吃的，下回还会买。
1,味道不错很好水煮肉很香，送餐也很快
1,土豆泥以前很好吃的，不知为什么这次特别干？！
1,超级好喝，快递小哥非常给力。
1,酱少放了点，有点淡
1,超级棒！超级棒！超级棒！
1,很准时，而且这次包装很认真，用券太划算了！
1,太麻了，青笋有点小，米饭给的也不多，土豆片都碎了，找不到了
1,味道还可以，就是太少，没有什么特色，不会再买了
1,配送很好，联系不到我还等了好久
1,好喝！味道超赞！送餐员也很准时！
1,木耳的味道真的不错
1,"服务态度挺不错,菜品质量也好"
1,味道不错，出去吹风的时候正好碰上外卖小哥。
1,姜蓉鸡，新菜，味道也不错。
1,好喝，也没有漏。，，，，
1,煎饼很好吃，但焖面太难吃
1,很好吃，以后快餐就它了
1,非常非常非常好
1,便捷，送餐速度也很快，非常满意，从此外卖不是问题了
1,还不错，绿茶还是个人喝不惯。。。奶茶给赞
1,出乎意料的好，病人吃着也挺好的！速度还快～下次还点
1,很热情速度快…哎哟不错哦
1,很棒，也很快，快递小哥很有礼貌
1,还行吧，素炒饼咸了，什锦炒饭淡了，醋溜木须油大了
1,"送餐非常快,态度特别好,谢谢"
1,东西还是一如既往好，只是不知道这次什么原因很慢
1,送餐员非常快，联系了好几次非常好
1,速度很好，下次也要这个时候订餐～11.30
1,准时送达，骑士辛苦。稻香村的点心有几个一直是最爱
1,味道有待加强
1,煎饼真唑实，一个就撑。吃的拉面煎饼
1,外卖的饼有点软了，不过送餐还是比较准时的，一般都在30到50分钟之间就能送到，今天的豆浆没有糊味，赞一个！
1,服务态度很好。
1,"卷饼不错,就是有肘子有点肥"
1,三明治的沙拉酱不太好吃
1,今天的土豆丝卷太酸了，以后不敢再点了
1,骑士精神~非常好！又快！！！
1,菜量给的挺足的，很满意，就是墨鱼丸不太好，有股臭味，其他都很好吃。
1,"快递员很好,又快又负责"
1,没想到味道这么棒，以后我就多订，请多多关照！
1,"挺快的,文艺范"
1,大份的超级大，里面好多大肉块
1,还行，中份不算大，够一个女生吃，油太多了
1,面和汤分开装的，很用心，送餐也特别快，20分钟就送到了
1,不错！经济实惠
1,很不错，好吃，以后还会买
1,量多味美，送餐大叔还给送上楼了，以后还来，好评
1,都不容易全五分吧
1,鸡肉非常多，棒棒达。
1,下次还点！
1,还可以吃着。
1,快递小哥很快就送到了！赞！水煮牛肉肉质鲜嫩，辣的恰到好处，也很入味。不错，挺好吃的！
1,好喝哦，但今晚我们作死点的无糖，感觉好酸，友情提示减肥的朋友点半糖
1,好大一个煎饼
1,比老家的味道差点，不过还是好评！有时间去店里尝尝
1,鸡肉不好吃，多弄点肘子，不多说
1,"挺好的,不错"
1,百度的外送送了小礼品！很高兴！意外惊喜！
1,味道正宗，量大内容多
1,习惯好评，但今天的卷饼菜太少了，皮感觉有点厚了
1,还可以，送的时间算快的了，半小时吧～
1,速度非常快，很好！就是打包的面怎么都会有点坨
1,还不错，挺好吃的，下次再尝试下煎饼
1,南瓜粥有点儿凉了但是也很好吃～酱香鸡腿肉卷饼很好吃～一个女生吃可以吃饱～男生可能就要大份咯～
1,好吃.很棒！！！！！.服务态度也好
1,味道还不错！就是有时候速度慢些！
1,非常地道，就是口有点重，略咸
1,焖面很好吃，速度也很快
1,好吃，就是慢，也怪我点餐晚
1,阿邦半年好好咯哦不急
1,送餐小哥很细心
1,潜力股，你懂的
1,就是没菜，都是肉有点儿腻
1,下雨天，感谢辛勤的送餐者！
1,口味特别好
1,还可以、分量也足、但是有点软了
1,都不错，配送员很负责
1,"非常实惠！肘子稍微有点腻,土豆卷很好吃"
1,送餐速度真是太快了！！
1,送餐挺快的。以前没吃过这家的菜，今天是第一次吃。鱼香肉丝跟图片不太一样，放了好多青椒和胡萝卜，不是我想要的味道。宫爆鸡丁味道有点淡。干煸豆角味道还不错！
1,味道不错速度快
1,配送速度很快，买来作为早点还挺好。
1,送餐及时，味道不错～～优惠了好多～
1,"没有想象中好吃,没味道,可能,鱼香好吃点"
1,"送餐特别快,态度好,辛苦啦,谢谢"
1,饺子很好吃，送餐很快
1,"为啥牛腩变成了牛肉∠(,ᐛ,」∠)＿"
